state,district,latitude,longitude
Andaman And Nicobar Islands,Nicobars,8.06983325,93.41021574999999
Andaman And Nicobar Islands,North And Middle Andaman,12.64553258375,92.88506331875
Andaman And Nicobar Islands,South Andamans,11.60476681,92.71140930384617
Andhra Pradesh,Alluri Sitharama Raju,17.743090133333336,82.13791722790698
Andhra Pradesh,Anakapalli,17.715034326978415,82.63136789244604
Andhra Pradesh,Anantapur,14.981684602283298,77.00586637192389
Andhra Pradesh,Annamayya,13.747478463378378,78.40472663972973
Andhra Pradesh,Bapatla,15.931277733930347,80.25020799820895
Andhra Pradesh,Chittoor,13.498657774096387,78.86179536773494
Andhra Pradesh,East Godavari,17.194907490862946,81.86728831593909
Andhra Pradesh,Eluru,18.656786242054793,81.13882787347032
Andhra Pradesh,Guntur,16.32620958522727,80.45880474940908
Andhra Pradesh,Kakinada,17.1131290472,82.1927103048
Andhra Pradesh,Konaseema,16.715763267460318,81.94003094626984
Andhra Pradesh,Krishna,16.429881353723726,80.3397294600044
Andhra Pradesh,Kurnool,14.351343559322034,71.07963840694916
Andhra Pradesh,Nandyal,15.447306157333333,78.3688537295
Andhra Pradesh,Ntr,17.277933848373983,80.19072639065041
Andhra Pradesh,Palnadu,16.34564914447005,79.89334112211982
Andhra Pradesh,Parvathipuram Manyam,72.37356052027972,29.828822052797204
Andhra Pradesh,Prakasam,15.604771639709378,79.35979786652575
Andhra Pradesh,Spsr Nellore,14.869234054915253,79.33019565677967
Andhra Pradesh,Sri Sathya Sai,14.145397459230768,77.68069841211539
Andhra Pradesh,Srikakulam,21.454094254743396,80.94224020615512
Andhra Pradesh,Tirupati,13.980472083068783,79.79736037936507
Andhra Pradesh,Visakhapatanam,17.855642914976524,82.77590181807511
Andhra Pradesh,Vizianagaram,35.68221440980392,65.84141242549019
Andhra Pradesh,West Godavari,16.861842815544147,81.23249318310062
Andhra Pradesh,Y.S.R.,14.621387048275862,78.62681048801313
Arunachal Pradesh,Anjaw,27.887840364150943,96.53313826792453
Arunachal Pradesh,Changlang,27.248575748484846,96.00458601212121
Arunachal Pradesh,Dibang Valley,28.294399846753247,95.72541908051947
Arunachal Pradesh,East Kameng,28.002606015789475,92.38621103684211
Arunachal Pradesh,East Siang,28.047249385957446,95.14179147106384
Arunachal Pradesh,Kamle,27.76725675,94.03281240000001
Arunachal Pradesh,Kra Daadi,27.920692066666664,93.66156093333332
Arunachal Pradesh,Kurung Kumey,27.740899223972605,93.37315966232877
Arunachal Pradesh,Leparada,27.98350826,94.72081946
Arunachal Pradesh,Lohit,27.699535768571426,96.11004851999999
Arunachal Pradesh,Longding,26.878990170588235,95.24073358529412
Arunachal Pradesh,Lower Dibang Valley,28.11327269666667,95.77881437555556
Arunachal Pradesh,Lower Siang,27.582109071428572,94.52711736285714
Arunachal Pradesh,Lower Subansiri,27.40692414962963,92.40418634944444
Arunachal Pradesh,Namsai,27.552921536756756,95.85056447675676
Arunachal Pradesh,Pakke Kessang,27.007873126315786,93.1776426631579
Arunachal Pradesh,Papum Pare,27.11894675063291,95021536.33965796
Arunachal Pradesh,Shi Yomi,28.384572335714285,94.25880529285715
Arunachal Pradesh,Siang,28.3193937375,94.914172925
Arunachal Pradesh,Tawang,32.42411409076923,86.73256094961539
Arunachal Pradesh,Tirap,27.130735977419356,95.44825375387097
Arunachal Pradesh,Upper Siang,28.545227613636367,95.13874072499999
Arunachal Pradesh,Upper Subansiri,28.213963750132447,94.06879189735099
Arunachal Pradesh,West Kameng,30.289814947857145,89.27976235190476
Arunachal Pradesh,West Siang,28.222548209607844,94.52641264686274
Assam,Bajali,26.433571972,91.184573988
Assam,Baksa,26.36140846230769,91.3585862153846
Assam,Barpeta,26.327611050617286,90.9596279617284
Assam,Biswanath,26.760855142268042,93.10949806907216
Assam,Bongaigaon,26.29051031666667,90.81012905277777
Assam,Cachar,24.78199596819788,92.7026736819788
Assam,Charaideo,26.771485843835617,92.6584806630137
Assam,Chirang,27.58608491875,89.2158683578125
Assam,Darrang,26.502820033783784,91.86088807567567
Assam,Dhemaji,27.532958423157897,94.65895383894738
Assam,Dhubri,27.004429873809524,90.26756203968253
Assam,Dibrugarh,27.309676808715597,95.04381708027523
Assam,Dima Hasao,24.938347487179488,92.97165803846154
Assam,Goalpara,25.886944866666667,90.42390726666667
Assam,Golaghat,26.451901374324326,93.79794832094595
Assam,Hailakandi,24.725227571428572,91.1132113877551
Assam,Hojai,26.280219815789476,92.76095631578949
Assam,Jorhat,26.35002539572193,94.01640605294118
Assam,Kamrup,26.072841665671643,91.58054313781095
Assam,Kamrup Metro,26.99126336538462,90.88996980897436
Assam,Karbi Anglong,25.945949741237115,93.25330893814433
Assam,Karimganj,24.728981920886078,92.18651370949367
Assam,Kokrajhar,26.40313114363636,90.39093177454546
Assam,Lakhimpur,27.216484011627905,94.23346253197676
Assam,Majuli,26.878711968421054,94.1611529
Assam,Marigaon,26.29584423762376,92.45086507227722
Assam,Nagaon,26.28531882910798,92.64346583380282
Assam,Nalbari,26.709880707432433,91.00450412837839
Assam,Sivasagar,26.200858337572253,94.01497580924855
Assam,Sonitpur,26.74034281111111,92.57115624603175
Assam,South Salmara Mancachar,25.849091723076924,90.3559649846154
Assam,Tinsukia,27.406449817605633,95.35278865492957
Assam,Udalguri,26.650596226732674,92.18437621188119
Assam,West Karbi Anglong,25.753724375757578,92.62466
Bihar,Araria,26.04827730310559,87.09992841614907
Bihar,Arwal,24.807174489361703,83.99819326595745
Bihar,Aurangabad,21.10774780592105,77.6088457105263
Bihar,Banka,28.802192568049794,80.3459384879668
Bihar,Begusarai,25.42920941068376,86.12516604017094
Bihar,Bhagalpur,28.643327525925926,82.26455143539094
Bihar,Bhojpur,25.47168424719472,84.5405675689769
Bihar,Buxar,25.49862261827957,83.71878337634409
Bihar,Darbhanga,24.505667040710385,85.93066209808744
Bihar,Gaya,24.55404655905707,84.39138120744417
Bihar,Gopalganj,27.536189664903848,83.33139042548076
Bihar,Jamui,29.70042228352273,81.1399447375
Bihar,Jehanabad,25.124573902419353,84.79622964758065
Bihar,Kaimur (Bhabua),25.037830071604937,83.65108002407406
Bihar,Katihar,25.37951354347826,86.94389097663044
Bihar,Khagaria,25.509092627407405,86.4769754548148
Bihar,Kishanganj,26.110577571739128,87.66100285217391
Bihar,Lakhisarai,65.60941224130434,45.693348075
Bihar,Madhepura,25.901704445544556,86.46394500346535
Bihar,Madhubani,26.807195781367927,85.35513107004716
Bihar,Munger,26.701675984745762,84.69739750508474
Bihar,Muzaffarpur,26.29114427068558,84.74733021843971
Bihar,Nalanda,25.971713193818182,84.11666957963637
Bihar,Nawada,25.058218826406925,86.03416979956711
Bihar,Pashchim Champaran,27.831397675272726,84.43155780363637
Bihar,Patna,25.686034257971013,84.86549545238094
Bihar,Purbi Champaran,26.564409278494118,84.61038636894118
Bihar,Purnia,26.525576441361256,86.4236023947644
Bihar,Rohtas,25.119626069765886,84.03472122795986
Bihar,Saharsa,26.601689876646706,86.23397617844311
Bihar,Samastipur,25.80523962348285,87.82774165488125
Bihar,Saran,25.986632723650384,84.52120868380463
Bihar,Sheikhpura,25.757250798979594,85.08427926122448
Bihar,Sheohar,26.555087478947367,85.27993432368422
Bihar,Sitamarhi,26.603153298666665,85.027210615
Bihar,Siwan,29.53910745592705,83.66349173586626
Bihar,Supaul,26.54233854075829,85.86868681469194
Bihar,Vaishali,26.01238617702703,84.94814623175675
Chandigarh,Chandigarh,30.627202199245282,77.05978472981131
Chhattisgarh,Balod,20.87252586257143,81.42800077614285
Chhattisgarh,Baloda Bazar,21.41955707017544,81.55251580935673
Chhattisgarh,Balrampur,23.57528070820144,83.37788279669066
Chhattisgarh,Bastar,20.359456979166666,80.46800187083333
Chhattisgarh,Bemetara,21.66462545625,81.525584678375
Chhattisgarh,Bijapur,19.080599175438596,80.90929828070175
Chhattisgarh,Bilaspur,22.14406151027211,82.12619072496598
Chhattisgarh,Dantewada,23.29940642253521,76.97067276760563
Chhattisgarh,Dhamtari,21.193160981666665,81.46073780325759
Chhattisgarh,Durg,21.282941868,81.33342896914286
Chhattisgarh,Gariyaband,21.380802340145983,81.53324906496351
Chhattisgarh,Gaurella Pendra Marwahi,22.83413984914193,81.98637530265306
Chhattisgarh,Janjgir-Champa,21.92080092128514,82.75324257381526
Chhattisgarh,Jashpur,22.753672019473687,83.85812806842105
Chhattisgarh,Kabirdham,22.037693249387754,81.28937797387755
Chhattisgarh,Kanker,23.546137238297874,77.05676593457446
Chhattisgarh,Kondagaon,20.020425914772726,81.65734596477272
Chhattisgarh,Korba,22.404281591860464,82.61644592457364
Chhattisgarh,Korea,23.385438130670885,82.32832416852733
Chhattisgarh,Mahasamund,21.400180968217917,81.6530606877968
Chhattisgarh,Mungeli,22.845279894698795,81.70996050313254
Chhattisgarh,Narayanpur,22.428030285714286,78.14894852380952
Chhattisgarh,Raigarh,21.981040470608107,83.2523215875
Chhattisgarh,Raipur,20.001076964828613,80.29687907973174
Chhattisgarh,Rajnandgaon,21.131677259536083,80.93427952963917
Chhattisgarh,Sukma,18.42306633333333,81.34416860555555
Chhattisgarh,Surajpur,23.06345315027027,82.91051479837839
Chhattisgarh,Surguja,344.0753947310811,11325.602466206758
Delhi,Central,28.456273706250002,77.204391628125
Delhi,East,28.635818969565218,77.29702519130434
Delhi,New Delhi,28.547893338095236,77.17467193809523
Delhi,North,28.744515825,77.14499100694444
Delhi,North East,28.680306460000004,77.280201885
Delhi,North West,28.709542864814814,77.0982792574074
Delhi,Shahdara,28.672673421428573,77.30240689285714
Delhi,South,28.525575370422537,77.21941708450704
Delhi,South East,28.55885559142857,77.25251955714286
Delhi,South West,27.775190429411765,78.3099384617647
Delhi,West,28.60816140978261,76.50760217717391
Goa,North Goa,49.28327996323308,39.97660079481203
Goa,South Goa,48.67152947257812,41.25557651084375
Gujarat,Ahmadabad,22.956431103667832,89.00385766510722
Gujarat,Amreli,21.87745677601156,71.33970077456647
Gujarat,Anand,22.44483146760691,72.83699471586148
Gujarat,Arvalli,23.49055629483568,73.31757389342722
Gujarat,Banas Kantha,24.260181904301074,194762.24294249917
Gujarat,Bharuch,21.766199104994723,72.98606513466676
Gujarat,Bhavnagar,21.544129019148937,71.8889934455927
Gujarat,Botad,22.107763066336634,71.68658630693069
Gujarat,Chhotaudepur,17.687306645754717,74.32919614575472
Gujarat,Dang,20.8021590875,73.72656959285713
Gujarat,Devbhumi Dwarka,22.12433319640288,69.18254479496403
Gujarat,Dohad,23.00972067920354,73.85422749336283
Gujarat,Gandhinagar,23.193687684574467,72.59101528351064
Gujarat,Gir Somnath,21.203998986606063,70.45904897084849
Gujarat,Jamnagar,22.310367516821984,70.22510475621466
Gujarat,Junagadh,21.375841203092783,70.37447489450172
Gujarat,Kachchh,23.286477216929136,69.0518828437008
Gujarat,Kheda,20.2767815262069,73.19620988275862
Gujarat,Mahesana,23.542496235211267,72.51883063330986
Gujarat,Mahisagar,23.106676523072288,73.56952663915663
Gujarat,Morbi,22.80405159766082,70.84446514619883
Gujarat,Narmada,20.960500534375,73.65453565
Gujarat,Navsari,20.82395135862069,73.07399804137931
Gujarat,Panch Mahals,22.69378738026906,73.65794224798206
Gujarat,Patan,18.78203748056225,73.14469824040161
Gujarat,Porbandar,21.640507073296703,69.77390001384616
Gujarat,Rajkot,22.07138236321839,71.03554005316091
Gujarat,Sabar Kantha,23.7496547820598,73.04004141760797
Gujarat,Surat,21.208670344657534,72.92980759343529
Gujarat,Surendranagar,22.752572489726028,71.61516533184931
Gujarat,Tapi,21.14111731081081,73.60097623945946
Gujarat,Vadodara,18.361681980095923,74.04036188920863
Gujarat,Valsad,20.4437357985348,73.03092957142857
Haryana,Ambala,30.233374327659572,76.90070875340426
Haryana,Bhiwani,28.753639067114094,75.930011
Haryana,Charki Dadri,28.57717415584416,76.17909025974026
Haryana,Faridabad,28.133761851515153,77.9573990590909
Haryana,Fatehabad,29.606628136440676,75.59219070762713
Haryana,Gurugram,28.194459835514017,76.2782959869159
Haryana,Hisar,29.21038458969697,75.65686544666667
Haryana,Jhajjar,28.650505399999997,76.69028974829932
Haryana,Jind,30.059041532903223,41.735876996129036
Haryana,Kaithal,29.777380614634147,76.42778266829268
Haryana,Karnal,38.85499822256097,71.401161675
Haryana,Kurukshetra,29.99163636875,76.80803400803572
Haryana,Mahendragarh,29.8351843575,76.16760985666666
Haryana,Nuh,28.10987498888889,76.90933435555556
Haryana,Palwal,28.2755285875,75.9494010953125
Haryana,Panchkula,30.508587652000003,76.7381399
Haryana,Panipat,29.096996777216496,43.69618520474227
Haryana,Rewari,28.271099270833332,76.62477079166666
Haryana,Rohtak,28.68791601101695,76.57615693813558
Haryana,Sirsa,29.61980556,74.91553518
Haryana,Sonipat,28.959146415083797,76.56370498100559
Haryana,Yamunanagar,30.69166231932773,76.28105497478991
Himachal Pradesh,Bilaspur,31.70238699724138,76.68622320827586
Himachal Pradesh,Chamba,32.502487033928574,76.24598094196428
Himachal Pradesh,Hamirpur,31.92133137048458,76.10591078061674
Himachal Pradesh,Kangra,32.182266359341895,76.20119280544141
Himachal Pradesh,Kinnaur,31.59583511388889,78.28414450105555
Himachal Pradesh,Kullu,31.78350437792208,77.33807533116882
Himachal Pradesh,Lahul And Spiti,32.480574967483236,92.50938124140646
Himachal Pradesh,Mandi,31.659067840909092,76.9398833013369
Himachal Pradesh,Shimla,32.123712251803546,77.17415405026047
Himachal Pradesh,Sirmaur,30.720330331325304,77.37280571445783
Himachal Pradesh,Solan,31.2054687245977,76.78238074706897
Himachal Pradesh,Una,31.579279040322582,76.23943689139784
Jammu And Kashmir,Anantnag,73.74132695089286,82.91634810714287
Jammu And Kashmir,Bandipora,35.183579932830185,73.92784745188679
Jammu And Kashmir,Baramulla,37.19036258842105,79.10305134323308
Jammu And Kashmir,Budgam,126.06626572820514,121.8290314551282
Jammu And Kashmir,Doda,6.3638551984375,13.7842604421875
Jammu And Kashmir,Ganderbal,44.61562785666667,75.45967961333334
Jammu And Kashmir,Jammu,32.68756070367495,74.75326409574782
Jammu And Kashmir,Kathua,32.41351435925926,75.13957400962963
Jammu And Kashmir,Kishtwar,12.972023400000001,28.572539942857144
Jammu And Kashmir,Kulgam,75.64758994285714,98.57239452857144
Jammu And Kashmir,Kupwara,34.38855084641975,74.30755133061727
Jammu And Kashmir,Poonch,3.5845229365079367,6.8374679841269845
Jammu And Kashmir,Pulwama,135.23276208157895,211.2613074723684
Jammu And Kashmir,Rajouri,5.294821550704225,10.824835303521127
Jammu And Kashmir,Ramban,5.780040625531915,12.047850265957445
Jammu And Kashmir,Reasi,6.875811653333333,14.523133441666666
Jammu And Kashmir,Samba,32.57967895238095,74.83322992857143
Jammu And Kashmir,Shopian,71.12090972692307,50.692477415384616
Jammu And Kashmir,Srinagar,33.60503289310345,72.7257763637931
Jammu And Kashmir,Udhampur,9.284543295798318,20.630252514285715
Jharkhand,Bokaro,23.737532566120215,85.94491271857923
Jharkhand,Chatra,24.269384009473686,84.81472255526315
Jharkhand,Deoghar,24.2264746768,86.829421144
Jharkhand,Dhanbad,23.779180802702705,86.38947885585587
Jharkhand,Dumka,24.584734645644602,86.84054010209059
Jharkhand,East Singhbum,23.23756405200749,85.47794183595506
Jharkhand,Garhwa,24.186814086021503,83.90065713010752
Jharkhand,Giridih,77.58480474078948,201.511963504386
Jharkhand,Godda,24.805303918181817,87.17234685727273
Jharkhand,Gumla,23.36933131216216,84.62588571396395
Jharkhand,Hazaribagh,24.034284796969697,85.30369604015152
Jharkhand,Jamtara,24.089128075862067,86.83670867011494
Jharkhand,Khunti,23.08448784782609,85.25427795326087
Jharkhand,Koderma,24.958071392771085,83.91542867831325
Jharkhand,Latehar,23.749813267213113,84.53052060437157
Jharkhand,Lohardaga,23.454670335135134,84.77656679054054
Jharkhand,Pakur,24.50189693282443,87.58417145877863
Jharkhand,Palamu,23.96423093269231,84.52885336666667
Jharkhand,Ramgarh,23.720484095774648,85.45227478732394
Jharkhand,Ranchi,23.663194102719032,1216.0956439589122
Jharkhand,Sahebganj,24.885033155339805,87.55233649805824
Jharkhand,Saraikela Kharsawan,22.812319900636943,85.94019947261145
Jharkhand,Simdega,23.33899351651376,84.69700529724771
Jharkhand,West Singhbhum,22.83649305958904,84.79407979109588
Karnataka,Bagalkot,16.388774611515153,75.62032640787879
Karnataka,Ballari,15.283484081862746,75.91225716372549
Karnataka,Belagavi,16.205969929469276,74.7653581877095
Karnataka,Bengaluru Rural,13.206483981679389,77.56475079923663
Karnataka,Bengaluru Urban,12.936123314400001,77.5809618464
Karnataka,Bidar,17.86113409475,77.632651364
Karnataka,Chamarajanagara,12.012728314583333,77.0765500175
Karnataka,Chikkaballapura,13.54001655786802,77.81535598071066
Karnataka,Chikkamagaluru,13.44241487973422,75.69804921129568
Karnataka,Chitradurga,14.8242249775,75.8456391296875
Karnataka,Dakshina Kannada,12.870742132618027,75.12199814077253
Karnataka,Davangere,14.719259673846153,76.37540360730769
Karnataka,Dharwad,15.38329790625,74.84140194038461
Karnataka,Gadag,15.438623759227474,74.94744998706732
Karnataka,Hassan,12.999664561445783,94.24122987012048
Karnataka,Haveri,14.72479762890625,75.41061051535156
Karnataka,Kalaburagi,17.259460828271028,76.88633550817757
Karnataka,Kodagu,12.942298949581396,75.83918436334883
Karnataka,Kolar,13.114503126008968,77.94119022286995
Karnataka,Koppal,15.537892816014478,75.96915875843136
Karnataka,Mandya,12.562547324999999,76.82549660357142
Karnataka,Mysuru,12.294251512045456,76.55604040363636
Karnataka,Raichur,16.082268045172412,76.72999877689655
Karnataka,Ramanagara,12.712310234065933,77.3055480945055
Karnataka,Shivamogga,17.898130445810057,75.32403253212291
Karnataka,Tumakuru,13.439977469787985,76.93729492614841
Karnataka,Udupi,13.438501810334348,74.8117766899696
Karnataka,Uttara Kannada,14.411770892508834,73.85847665501767
Karnataka,Vijayapura,16.760287974615384,75.9583300276923
Karnataka,Vijaynagar,14.89431820375,75.68200532583334
Karnataka,Yadgir,17.644348378109452,76.10583141343284
Kerala,Alappuzha,9.404304290459365,76.44868925406361
Kerala,Ernakulam,10.121855368641285,76.42678155504011
Kerala,Idukki,9.85335892804054,76.99176238648649
Kerala,Kannur,12.030205277690287,75.57103514041995
Kerala,Kasaragod,12.455356796051502,75.11510748175967
Kerala,Kollam,8.975343741144414,76.75185989482289
Kerala,Kottayam,10.707971406685159,76.59947973385528
Kerala,Kozhikode,11.455275198207335,75.80767036080415
Kerala,Malappuram,11.251442995412845,76.1036636547477
Kerala,Palakkad,12.350295777189514,76.26350777514395
Kerala,Pathanamthitta,9.342696459044369,76.74801311262799
Kerala,Thiruvananthapuram,8.747925327966101,76.95401940590799
Kerala,Thrissur,10.4221863666,76.2166859564
Kerala,Wayanad,11.699130724110429,75.71315870815951
Ladakh,Kargil,34.64320946511628,76.81228478139535
Ladakh,Leh Ladakh,38.10467679268293,72.35956238780487
Lakshadweep,Lakshadweep District,10.794574,72.886769
Madhya Pradesh,Agar Malwa,23.743309249275363,77.22269177826087
Madhya Pradesh,Alirajpur,22.201364347058824,74.31884775147059
Madhya Pradesh,Anuppur,23.193165591538463,81.55422513846155
Madhya Pradesh,Ashoknagar,24.617405530831405,77.80629987798741
Madhya Pradesh,Balaghat,21.82832814,80.250441515
Madhya Pradesh,Barwani,21.859614984172186,75.09227089331125
Madhya Pradesh,Betul,22.328935134196723,77.79669082426228
Madhya Pradesh,Bhind,26.440358377606177,78.7455944934363
Madhya Pradesh,Bhopal,23.39438756921986,548935.6137194269
Madhya Pradesh,Burhanpur,21.454469497746476,76.32599218042255
Madhya Pradesh,Chhatarpur,25.70080474750958,79.63872728199235
Madhya Pradesh,Chhindwara,22.384435431829573,78.87431623654135
Madhya Pradesh,Damoh,23.77792503446602,79.5153312276699
Madhya Pradesh,Datia,26.194162595714285,78.02582089
Madhya Pradesh,Dewas,24.140999394312797,75.14119254654028
Madhya Pradesh,Dhar,23.970655580232556,75.28470803410852
Madhya Pradesh,Dindori,24.606314798483147,80.49918614837078
Madhya Pradesh,East Nimar,1312625.0172444542,4314520.124765103
Madhya Pradesh,Guna,24.53665676937664,77.20813801226994
Madhya Pradesh,Gwalior,27.293392112865494,76.97580413274854
Madhya Pradesh,Harda,22.270834439999998,77.06664002
Madhya Pradesh,Hoshangabad,22.65689814166667,77.85927273333333
Madhya Pradesh,Indore,23.909054434756097,75.09066294390244
Madhya Pradesh,Jabalpur,24.665533175935828,78.42438858502673
Madhya Pradesh,Jhabua,22.82885592978723,74.68113930638297
Madhya Pradesh,Katni,23.71604712814371,80.318416248503
Madhya Pradesh,Khargone,22.296794674545456,75.50678134590909
Madhya Pradesh,Mandla,24.83897787174515,76.16633809614957
Madhya Pradesh,Mandsaur,24.044301149457013,75.40468556737557
Madhya Pradesh,Morena,26.501442506372552,77.72717510833334
Madhya Pradesh,Narsinghpur,22.90005305,78.95673605
Madhya Pradesh,Neemuch,24.547165989333333,75.0165475497037
Madhya Pradesh,Niwari,30.005467660714285,74.06336844642858
Madhya Pradesh,Panna,25.58088608888889,78.93066200196077
Madhya Pradesh,Raisen,24.30402587470356,77.59873540948615
Madhya Pradesh,Rajgarh,25.16343805219388,75.06329713591836
Madhya Pradesh,Ratlam,23.477474111827956,75.13569758924731
Madhya Pradesh,Rewa,24.883114125074627,80.94915248567163
Madhya Pradesh,Sagar,23.881646997411003,78.54810211262136
Madhya Pradesh,Satna,24.545724470666666,81.26414248666666
Madhya Pradesh,Sehore,23.978779305913978,76.50083056935485
Madhya Pradesh,Seoni,22.5333427125,79.4722318
Madhya Pradesh,Shahdol,23.559730481358024,81.31838584265431
Madhya Pradesh,Shajapur,23.7479519016,77.45462401440001
Madhya Pradesh,Sheopur,25.829610285882353,77.02145164117647
Madhya Pradesh,Shivpuri,25.335652833177626,77.81522452452472
Madhya Pradesh,Sidhi,24.273266651612904,81.68713930645161
Madhya Pradesh,Singrauli,25.031620336842103,225.72509388070173
Madhya Pradesh,Tikamgarh,26.074075068421052,78.14111309022556
Madhya Pradesh,Ujjain,24.353110824623116,75.51723467889447
Madhya Pradesh,Umaria,23.559572602941177,80.94178668725489
Madhya Pradesh,Vidisha,24.833688847596154,76.28435572788462
Maharashtra,Ahmednagar,19.27110039528985,74.63136217774408
Maharashtra,Akola,20.763444774688796,77.05181362863071
Maharashtra,Amravati,21.153251954293637,77.63506699911612
Maharashtra,Aurangabad,19.966126177914113,75.35845900460123
Maharashtra,Beed,18.942744320760234,220459.25359065874
Maharashtra,Bhandara,21.172836027338132,79.24598769640288
Maharashtra,Buldhana,20.480783333460142,76.389794576683
Maharashtra,Chandrapur,20.42625325496337,93.31042249252747
Maharashtra,Dhule,21.095321934798534,74.62977388849816
Maharashtra,Gadchiroli,20.27615109755556,79.66538957155555
Maharashtra,Gondia,21.56033145728745,79.13673976761133
Maharashtra,Hingoli,19.636782068133336,51228.51679336667
Maharashtra,Jalgaon,21.00138463756374,75.30991997198299
Maharashtra,Jalna,19.864394514361702,75.9514420356383
Maharashtra,Kolhapur,16.56265913117647,74.27218900264707
Maharashtra,Latur,18.340443582638887,76.5389919232639
Maharashtra,Mumbai,19.458246765855858,72.3512463091892
Maharashtra,Mumbai Suburban,19.124585572813057,72.87667845115831
Maharashtra,Nagpur,21.97487154741758,79.00836247818681
Maharashtra,Nanded,19.112924760075195,159189.76163719475
Maharashtra,Nandurbar,21.742242472033897,74.20770743927966
Maharashtra,Nashik,20.222253865689147,74.06300529428152
Maharashtra,Osmanabad,18.18707961048951,76.04754639965036
Maharashtra,Palghar,19.908246990243903,72.79297605934958
Maharashtra,Parbhani,19.254610247755103,390655.31937114167
Maharashtra,Pune,18.563325301797175,73.97180027050064
Maharashtra,Raigad,18.479512618568233,73.2114402852349
Maharashtra,Ratnagiri,17.277907192978724,73.36351052455926
Maharashtra,Sangli,17.129630485678394,74.42759302462312
Maharashtra,Satara,17.65499656240713,74.12936873239227
Maharashtra,Sindhudurg,16.13746908210227,73.68055019005682
Maharashtra,Solapur,19.023834300561795,74.31899571273408
Maharashtra,Thane,19.30184962844037,73.03054835412844
Maharashtra,Wardha,20.789047302030458,78.51203108527919
Maharashtra,Washim,20.228455954651164,77.1885980744186
Maharashtra,Yavatmal,20.1376229225,78.07486703537128
Manipur,Bishnupur,24.53569166111111,93.76392155277777
Manipur,Chandel,24.25555511111111,94.00331518055556
Manipur,Churachandpur,24.376363387179488,93.60117381102565
Manipur,Imphal East,24.793845145121953,94.05603750609757
Manipur,Imphal West,25.681400204605264,93.87709892144737
Manipur,Jiribam,24.683736336000003,93.317932384
Manipur,Kakching,24.5044053225,93.880038285
Manipur,Kamjong,24.881568625,89.932222125
Manipur,Kangpokpi,25.506816054629628,93.2966043712963
Manipur,Noney,24.78441064,93.5908026
Manipur,Pherzawl,24.39871726666667,93.39007891481481
Manipur,Senapati,25.41015636111111,94.18547202777778
Manipur,Tamenglong,25.014709256410256,93.55878128205129
Manipur,Tengnoupal,24.364830428571427,94.00700199999999
Manipur,Thoubal,24.6087484284,94.00370406980001
Manipur,Ukhrul,25.19610937465116,94.41587284232558
Meghalaya,East Garo Hills,25.619850500000002,90.61169498214285
Meghalaya,East Jaintia Hills,25.28893696875,92.4032211875
Meghalaya,East Khasi Hills,25.481369912950818,91.69782617672132
Meghalaya,North Garo Hills,25.825820313043476,90.6791900826087
Meghalaya,Ri Bhoi,25.891374363265307,92.0019204122449
Meghalaya,South Garo Hills,25.316457477500002,90.68936803625
Meghalaya,South West Garo Hills,25.43866054736842,90.07773525263158
Meghalaya,South West Khasi Hills,25.449385242857144,91.46125201428572
Meghalaya,West Garo Hills,26.205331316695652,90.387494546
Meghalaya,West Jaintia Hills,25.55619403109375,91.591116314375
Meghalaya,West Khasi Hills,25.610480369565217,91.0246695652174
Mizoram,Aizawl,23.53126140578125,92.70805223875
Mizoram,Champhai,23.41566532162162,252296731.95079777
Mizoram,Hnahthial,23.0436633,92.98326292857143
Mizoram,Khawzawl,23.465497357894737,93.14541484210527
Mizoram,Kolasib,24.1417609,92.7138055857143
Mizoram,Lawngtlai,22.48359558846154,92.86686478076923
Mizoram,Lunglei,23.040030684999998,92.60953756
Mizoram,Mamit,23.642636200000002,92.51306047599999
Mizoram,Saiha,22.360881145454545,93.01190838636363
Mizoram,Saitual,23.825476051724134,93.05390520689656
Mizoram,Serchhip,23.319282311764706,92.93777569117647
Nagaland,Dimapur,25.836168754347824,93.78492358695652
Nagaland,Kiphire,25.879539381904763,94.81155052761905
Nagaland,Kohima,25.4936274358,93.82240949160001
Nagaland,Longleng,26.50203241,94.80316137636363
Nagaland,Mokokchung,26.45103359792453,94.53718232301887
Nagaland,Mon,26.642115005937498,94.996305901875
Nagaland,Noklak,26.17429217777778,94.95907696666667
Nagaland,Peren,25.557191728,93.69670015399998
Nagaland,Phek,25.643676984615382,94.42172479487179
Nagaland,Tuensang,26.17158344097561,94.42785927853659
Nagaland,Wokha,26.13091355586207,94.21193958827585
Nagaland,Zunheboto,25.994257076666663,94.50053633928572
Odisha,Anugul,20.971137597328244,84.97247115519083
Odisha,Balangir,20.589067649683546,83.22814938101266
Odisha,Baleshwar,21.762374794211574,86.98231639481037
Odisha,Bargarh,21.466561591304345,83.56841183201581
Odisha,Bhadrak,20.985358618688526,86.58942536655736
Odisha,Boudh,22.05627357708333,84.22580711458333
Odisha,Cuttack,20.46814402893401,85.78945687614213
Odisha,Deogarh,21.434501162337664,84.8077744
Odisha,Dhenkanal,20.81321138734694,85.5261409232653
Odisha,Gajapati,19.05692410340136,84.16951702517007
Odisha,Ganjam,19.6522382977305,84.61868778312056
Odisha,Jagatsinghapur,20.387505355673078,86.15996288600961
Odisha,Jajapur,20.798301102666667,86.30730462933334
Odisha,Jharsuguda,21.827862146304348,83.97769698380435
Odisha,Kalahandi,19.87891643283582,83.04567247649253
Odisha,Kandhamal,20.142244648333335,84.09912321708333
Odisha,Kendrapara,20.550074003826715,86.43400183953068
Odisha,Kendujhar,21.5390185510158,85.76936240316026
Odisha,Khordha,20.34295958695652,85.6058658037267
Odisha,Koraput,19.790431497435897,81.55457206043957
Odisha,Malkangiri,20.603454672727274,80.07605595227272
Odisha,Mayurbhanj,21.836694364576612,86.65733503487903
Odisha,Nabarangpur,19.48817102,82.40478648205128
Odisha,Nayagarh,20.13112639923664,85.17208768778626
Odisha,Nuapada,20.459018431060606,82.65339545227272
Odisha,Puri,19.95000857585034,85.84785772585033
Odisha,Rayagada,19.257149102272727,83.49393961874999
Odisha,Sambalpur,21.5613981207907,84.21924530934884
Odisha,Sonepur,20.910568514018692,83.78573802616822
Odisha,Sundargarh,22.12932927377451,84.30408890784314
Puducherry,Karaikal,10.939033951851853,79.7533714
Puducherry,Mahe,11.722205474999999,75.539171125
Puducherry,Pondicherry,11.91853735967742,79.74103447580644
Puducherry,Yanam,17.3213,82.0407
Punjab,Amritsar,31.66787878237288,74.94053960915255
Punjab,Barnala,29.75247506081081,73.68311480945945
Punjab,Bathinda,30.095964311695305,75.09367449139846
Punjab,Faridkot,30.556847857575757,74.18819479848484
Punjab,Fatehgarh Sahib,30.495996505747126,76.33601213448276
Punjab,Fazilka,30.459966411034483,73.9788415062069
Punjab,Firozepur,30.807627428455284,74.38349339999999
Punjab,Gurdaspur,47.16287184975845,75.27966446811594
Punjab,Hoshiarpur,31.35864480450704,75.56741063323943
Punjab,Jalandhar,31.451009581342856,75.46903284051429
Punjab,Kapurthala,31.36680686592,75.53274507895999
Punjab,Ludhiana,30.74168399321149,75.75639114830287
Punjab,Malerkotla,27.15892984888889,69.99281054666666
Punjab,Mansa,30.432170602040816,74.90752178571428
Punjab,Moga,30.771799931976744,75.13204015581395
Punjab,Pathankot,32.253286204225354,75.5522757943662
Punjab,Patiala,30.219239289010986,76.2285839153846
Punjab,Rupnagar,30.894661189814816,76.44707564537038
Punjab,S.A.S Nagar,30.790062693203886,76.49381088543689
Punjab,Sangrur,29.679888679999998,69.93497280866667
Punjab,Shahid Bhagat Singh Nagar,31.157321567965116,75.90631529593023
Punjab,Sri Muktsar Sahib,30.316437851851852,74.57517466148147
Punjab,Tarn Taran,31.379901981355932,74.86648354519774
Rajasthan,Ajmer,26.2047227035,74.8638115245
Rajasthan,Alwar,27.511633009240246,76.53593381950719
Rajasthan,Banswara,23.507422202661598,74.32729907338403
Rajasthan,Baran,25.011694585786802,76.61654513654823
Rajasthan,Barmer,25.670517482103612,71.6604174032967
Rajasthan,Bharatpur,27.304054950374063,77.47112140698253
Rajasthan,Bhilwara,25.47620850295918,73.6859975640051
Rajasthan,Bikaner,28.09863934691358,73.38999062962962
Rajasthan,Bundi,25.808311683522728,75.32526011306818
Rajasthan,Chittorgarh,24.75614581205674,74.45432240957447
Rajasthan,Churu,28.466727547058824,74.89004323882352
Rajasthan,Dausa,26.68787582583732,76.4651955090909
Rajasthan,Dholpur,26.74815350160428,77.70354885294118
Rajasthan,Dungarpur,23.741429491525423,73.6865962040678
Rajasthan,Ganganagar,29.497738366019416,73.8045886935275
Rajasthan,Hanumangarh,29.270062949222794,74.73108364715026
Rajasthan,Jaipur,26.914028445816093,75.95572996211494
Rajasthan,Jaisalmer,26.934566327403846,70.92726543413461
Rajasthan,Jalore,25.342213483391003,71.46367824913494
Rajasthan,Jhalawar,24.42173388192771,76.14423899638554
Rajasthan,Jhunjhunu,28.093183075728156,75.44452601980582
Rajasthan,Jodhpur,26.566211170850007,72.85323700668734
Rajasthan,Karauli,26.7454443,76.31448654923665
Rajasthan,Kota,25.156261352421055,76.00711354052632
Rajasthan,Nagaur,27.01556273671706,74.39500412419005
Rajasthan,Pali,25.78173599602122,72.97552177320955
Rajasthan,Pratapgarh,24.195195705095543,74.70603408917198
Rajasthan,Rajsamand,25.18727429351852,73.88833105277779
Rajasthan,Sawai Madhopur,26.811823769683258,76.36915906651585
Rajasthan,Sikar,27.614258496359742,75.29854762912206
Rajasthan,Sirohi,24.74084739946524,72.77698758716578
Rajasthan,Tonk,26.172171994117647,75.27632756742082
Rajasthan,Udaipur,24.411090961522635,75.01693104069959
Sikkim,East District,27.358879496078433,88.56164156078431
Sikkim,North District,27.504510474074074,88.54606897777778
Sikkim,Pakyong,27.276541625,88.607506125
Sikkim,Soreng,27.243333333333336,88.22333333333334
Sikkim,South District,27.23823043137255,88.4201414509804
Sikkim,West District,27.30803713125,88.29634081249999
Tamil Nadu,Ariyalur,11.620999394570134,79.22559506787331
Tamil Nadu,Chengalpattu,12.62779204384058,80.00737544619565
Tamil Nadu,Chennai,13.044879892894738,80.17656455552633
Tamil Nadu,Coimbatore,11.016939608695651,77.0039075841615
Tamil Nadu,Cuddalore,11.542967238771187,79.53492857966101
Tamil Nadu,Dharmapuri,12.118153821484375,77.97430274027344
Tamil Nadu,Dindigul,10.41155447291939,77.83755900485839
Tamil Nadu,Erode,11.396338333333333,77.51781609532163
Tamil Nadu,Kallakurichi,12.070135494399999,78.79698334999999
Tamil Nadu,Kanchipuram,12.909145331410256,79.80886076858974
Tamil Nadu,Kanniyakumari,8.253637876515151,76.79728917348486
Tamil Nadu,Karur,10.870575493775933,78.13381828423236
Tamil Nadu,Krishnagiri,12.527899530847458,78.17038635728814
Tamil Nadu,Madurai,10.038093897157623,77.90214274604651
Tamil Nadu,Mayiladuthurai,11.109335171962616,83.04252274281308
Tamil Nadu,Nagapattinam,10.68599523045977,79.74606340114943
Tamil Nadu,Namakkal,11.323222747592068,78.10021537507083
Tamil Nadu,Perambalur,11.752997202158273,78.89307233884892
Tamil Nadu,Pudukkottai,10.340809442300886,78.88154415761062
Tamil Nadu,Ramanathapuram,9.467426049999998,78.70774427771242
Tamil Nadu,Ranipet,12.976656860096153,78.50083361826923
Tamil Nadu,Salem,11.667307385170341,78.17413579519038
Tamil Nadu,Sivaganga,9.945880255873016,78.58827954190475
Tamil Nadu,Tenkasi,9.032083302928871,77.42952337238493
Tamil Nadu,Thanjavur,10.731087303898635,79.24596711773879
Tamil Nadu,The Nilgiris,11.405268787222223,76.698809125
Tamil Nadu,Theni,9.954771977515723,77.47245500575472
Tamil Nadu,Thiruvallur,13.176629729059828,79.9187409025641
Tamil Nadu,Thiruvarur,10.90994779915493,79.33960661521127
Tamil Nadu,Tiruchirappalli,10.892214644814814,78.59459160347735
Tamil Nadu,Tirunelveli,8.570513236523178,77.42015244304635
Tamil Nadu,Tirupathur,12.57853857142857,78.61371537037037
Tamil Nadu,Tiruppur,11.166355260338984,77.49773256169492
Tamil Nadu,Tiruvannamalai,12.39665491532258,79.31943177358872
Tamil Nadu,Tuticorin,8.763883240758293,77.98667023601897
Tamil Nadu,Vellore,12.912067709126983,78.82181149087302
Tamil Nadu,Villupuram,12.095997520769231,79.30905795512821
Tamil Nadu,Virudhunagar,9.481382600247313,77.88921052039426
Telangana,Adilabad,19.95168583157895,78.55750706842105
Telangana,Bhadradri Kothagudem,17.64018597791045,80.32937247761194
Telangana,Hanumakonda,17.9718445682733,79.53774585283962
Telangana,Hyderabad,17.443526135767776,78.51736678476816
Telangana,Jagitial,18.80953537953846,78.8298625583077
Telangana,Jangoan,17.25580825237969,78.45749997866928
Telangana,Jayashankar Bhupalapally,20.320642972697918,77.65711381591458
Telangana,Jogulamba Gadwal,16.06672251747573,77.79313673592233
Telangana,Kamareddy,18.31168578078125,78.0928818953125
Telangana,Karimnagar,18.386510616574586,78.9021395839779
Telangana,Khammam,17.363485221941747,80.1917769163665
Telangana,Kumuram Bheem Asifabad,19.828788512903227,79.39486344596773
Telangana,Mahabubabad,17.60127100056818,79.61910285852274
Telangana,Mahabubnagar,16.723318355263157,77.93058138859648
Telangana,Mancherial,18.99152052364865,79.44290385
Telangana,Medak,17.949739984900564,78.23711511236942
Telangana,Medchal Malkajgiri,17.510516958071452,78.56246117933756
Telangana,Mulugu,18.632953680038856,80.04957977672098
Telangana,Nagarkurnool,16.43418417,78.424471105
Telangana,Nalgonda,16.93900798984127,79.19419979206349
Telangana,Narayanpet,17.152159941935484,77.09558804112903
Telangana,Nirmal,19.025659770149254,78.39779772708955
Telangana,Nizamabad,18.799970606296295,77.50904452518519
Telangana,Peddapalli,18.620371022432415,79.45485774567692
Telangana,Rajanna Sircilla,18.404055491803277,78.7902486532787
Telangana,Ranga Reddy,17.26537358142281,78.44113570378019
Telangana,Sangareddy,17.745549283346506,77.90280119290917
Telangana,Siddipet,17.922564388451256,78.8541968299714
Telangana,Suryapet,17.39878116146789,79.16343295137614
Telangana,Vikarabad,17.239508835436304,77.73221359293726
Telangana,Wanaparthy,16.468450165517243,77.9211278
Telangana,Warangal,17.760088753265496,79.36444121029544
Telangana,Yadadri Bhuvanagiri,17.468907444505497,79.01590893186813
The Dadra And Nagar Haveli And Daman And Diu,Dadra And Nagar Haveli,20.195553147058824,73.04152382352942
The Dadra And Nagar Haveli And Daman And Diu,Daman,20.419658692307692,72.85669753846153
The Dadra And Nagar Haveli And Daman And Diu,Diu,20.722414675,70.93972855
Tripura,Dhalai,23.8872426208,91.94552510839999
Tripura,Gomati,23.55563149125,91.516945125
Tripura,Khowai,23.946364207142857,91.52076249857143
Tripura,North Tripura,24.174966164166666,92.20047509833334
Tripura,Sepahijala,23.517310667142855,88.82445336
Tripura,South Tripura,23.183350542,91.549619441
Tripura,Unakoti,24.31940500583333,92.10524385333333
Tripura,West Tripura,23.845248092,91.30397212049999
Uttar Pradesh,Agra,27.02867851238938,78.0499264778761
Uttar Pradesh,Aligarh,27.386560782317705,77.86282196494791
Uttar Pradesh,Ambedkar Nagar,26.41573102347561,84.87731996768292
Uttar Pradesh,Amethi,26.974723623577233,81.04799696707316
Uttar Pradesh,Amroha,28.877306193137255,78.42286745882353
Uttar Pradesh,Auraiya,26.648151813924052,79.48210147468355
Uttar Pradesh,Ayodhya,26.80394318010899,82.03705663051771
Uttar Pradesh,Azamgarh,19.627560409951457,60.711642231553405
Uttar Pradesh,Baghpat,29.06359790923077,77.3174469423077
Uttar Pradesh,Bahraich,27.640137532081912,81.5144335894198
Uttar Pradesh,Ballia,26.01464531943662,85.95327283774647
Uttar Pradesh,Balrampur,27.394047733513514,82.37489279513514
Uttar Pradesh,Banda,25.486189119138757,80.55150651722488
Uttar Pradesh,Barabanki,26.91974453780822,81.33372348438355
Uttar Pradesh,Bareilly,28.54830259375,79.48359686805556
Uttar Pradesh,Basti,26.84145857761733,82.60961502960288
Uttar Pradesh,Bhadohi,25.349946319417473,82.45986385145632
Uttar Pradesh,Bijnor,25.48773996107143,78.4146056725
Uttar Pradesh,Budaun,28.088445553968256,79.08901330873016
Uttar Pradesh,Bulandshahr,28.35937592893891,78.0032574051447
Uttar Pradesh,Chandauli,25.552477353694577,83.17512423448275
Uttar Pradesh,Chitrakoot,25.290603713043478,81.0868847173913
Uttar Pradesh,Deoria,26.485949086006826,83.68234259044368
Uttar Pradesh,Etah,27.52030929596946,78.72934329534382
Uttar Pradesh,Etawah,26.763611641714284,79.08322327885715
Uttar Pradesh,Farrukhabad,27.247293732903223,79.87723032774194
Uttar Pradesh,Fatehpur,25.886131403764708,80.54705675937255
Uttar Pradesh,Firozabad,25.162854141463413,83.06076891585366
Uttar Pradesh,Gautam Buddha Nagar,27.94490565906546,77.65455096071004
Uttar Pradesh,Ghaziabad,28.705280797386674,77.48375571080588
Uttar Pradesh,Ghazipur,25.604205066037736,83.47516458245282
Uttar Pradesh,Gonda,26.9656996982906,81.91776840769231
Uttar Pradesh,Gorakhpur,27.266015703132528,82.87843411518071
Uttar Pradesh,Hamirpur,25.75885191818182,79.91388834125874
Uttar Pradesh,Hapur,28.992563498550126,77.10511443149089
Uttar Pradesh,Hardoi,27.40944978636285,101.70438018552305
Uttar Pradesh,Hathras,27.553149060130718,77.63996702483661
Uttar Pradesh,Jalaun,26.101111391701245,79.33842843319502
Uttar Pradesh,Jaunpur,25.979608295518865,82.07905167759434
Uttar Pradesh,Jhansi,25.495774003061225,78.95114917193877
Uttar Pradesh,Kannauj,27.012881504166664,79.85497668680556
Uttar Pradesh,Kanpur Dehat,26.420117236180904,79.60287499497487
Uttar Pradesh,Kanpur Nagar,26.40894975480427,80.05281752241993
Uttar Pradesh,Kasganj,27.76026198552677,78.82512592504924
Uttar Pradesh,Kaushambi,25.65696929344262,81.3214800409836
Uttar Pradesh,Kheri,28.050586106896553,80.70286535066313
Uttar Pradesh,Kushi Nagar,26.86440586388889,83.14200732453703
Uttar Pradesh,Lalitpur,24.69080845483871,78.67862231935484
Uttar Pradesh,Lucknow,26.858904620350877,80.92311570680702
Uttar Pradesh,Maharajganj,27.1188620964467,83.17887563451777
Uttar Pradesh,Mahoba,25.421059268367348,79.78445789183672
Uttar Pradesh,Mainpuri,26.052351904945056,78.1514348956044
Uttar Pradesh,Mathura,27.479782195833334,77.69882598425926
Uttar Pradesh,Mau,26.228011330612247,66.13783623418368
Uttar Pradesh,Meerut,29.04458562238806,77.6996970761194
Uttar Pradesh,Mirzapur,25.04639584334601,82.73894606539923
Uttar Pradesh,Moradabad,28.491512190140845,78.98183054929576
Uttar Pradesh,Muzaffarnagar,29.39485784537445,77.66197607136564
Uttar Pradesh,Pilibhit,28.453119220481927,79.91738968915662
Uttar Pradesh,Pratapgarh,22.098671204432133,81.35743190221606
Uttar Pradesh,Prayagraj,25.456665779807693,81.76972350552884
Uttar Pradesh,Rae Bareli,26.518785492,81.02413574773333
Uttar Pradesh,Rampur,28.632363848818898,79.16111147007874
Uttar Pradesh,Saharanpur,29.91531459617225,77.54385467416267
Uttar Pradesh,Sambhal,28.5239022587027,78.90064667891892
Uttar Pradesh,Sant Kabeer Nagar,26.761754749999998,83.00896899322917
Uttar Pradesh,Shahjahanpur,28.079757462592593,79.90800375592592
Uttar Pradesh,Shamli,29.17680920412371,77.32420244742268
Uttar Pradesh,Shravasti,27.603414678431374,81.92516826666667
Uttar Pradesh,Siddharth Nagar,27.22167912933333,82.841403852
Uttar Pradesh,Sitapur,27.702782282269503,80.72668480874704
Uttar Pradesh,Sonbhadra,24.690764080982458,82.87884266382457
Uttar Pradesh,Sultanpur,26.42762305168196,81.89345843058103
Uttar Pradesh,Unnao,26.568924578407408,80.60719366207408
Uttar Pradesh,Varanasi,25.380686010646386,82.92590207946769
Uttarakhand,Almora,29.670076312760738,79.39455476546013
Uttarakhand,Bageshwar,29.852002727450984,79.11820343986929
Uttarakhand,Chamoli,30.35450781547619,79.18626719365079
Uttarakhand,Champawat,29.378739508333336,80.09169590714285
Uttarakhand,Dehradun,30.405299104858297,77.96048390647773
Uttarakhand,Haridwar,29.86225832457627,78.01709385423729
Uttarakhand,Nainital,29.370274334545453,79.45414959575757
Uttarakhand,Pauri Garhwal,30.519905471126762,97.06178351502348
Uttarakhand,Pithoragarh,29.75632966677019,80.13899202360248
Uttarakhand,Rudra Prayag,30.081661852671754,79.17503166412213
Uttarakhand,Tehri Garhwal,30.345751347191012,78.49163923782771
Uttarakhand,Udam Singh Nagar,29.08309117690909,79.41877392254545
Uttarakhand,Uttar Kashi,30.77754926818182,78.32052478030303
West Bengal,24 Paraganas North,22.737679810806917,88.43035209783862
West Bengal,24 Paraganas South,22.229146781653746,88.27933548617571
West Bengal,Alipurduar,26.549938333584905,89.25510709264151
West Bengal,Bankura,23.07807256097561,87.13855005142277
West Bengal,Birbhum,24.35642852719486,89.39002260556745
West Bengal,Coochbehar,26.243185572039476,88.86795405921053
West Bengal,Darjeeling,26.81522277790698,87.52774613430233
West Bengal,Dinajpur Dakshin,25.27401420736196,88.92207396687117
West Bengal,Dinajpur Uttar,38.01938056267942,129.83981960526316
West Bengal,Hooghly,22.861654771196754,87.90496690223124
West Bengal,Howrah,22.105433979597702,88.14108403706896
West Bengal,Jalpaiguri,26.69551978809524,88.45560070161905
West Bengal,Jhargram,22.41097887204301,87.01655582365592
West Bengal,Kalimpong,27.031574332608695,87.20777203260869
West Bengal,Kolkata,22.52039397689815,88.00701699120371
West Bengal,Maldah,25.065715178466075,88.17695197020649
West Bengal,Medinipur East,21.92469971873016,87.79974088730158
West Bengal,Medinipur West,22.38301098013245,87.48750721821192
West Bengal,Murshidabad,24.16229041986532,88.01340551363636
West Bengal,Nadia,23.476132110434783,88.1647447947826
West Bengal,Paschim Bardhaman,23.70648374764151,86.99909423349057
West Bengal,Purba Bardhaman,23.367183866607142,87.91927166732142
West Bengal,Purulia,23.275599895495496,85.98512475
